{"timestamps": [1593760454.458584, 1593760463.671749], "initial_reset_timestamp": 1593760437.302007, "episode_types": ["t", "t"], "episode_lengths": [5, 1], "episode_rewards": [-14.0, -10.0]}