{"timestamps": [1593675783.654114, 1593675792.881942, 1593675851.060772, 1593675860.166475, 1593675895.72726, 1593675906.888687, 1593675932.259787, 1593675970.004666, 1593675993.347315, 1593676043.222356, 1593676101.187246, 1593676140.811237, 1593676160.130115, 1593676181.40462, 1593676235.383187, 1593676252.620429, 1593676277.990696, 1593676305.378789, 1593676365.484952, 1593676388.812587, 1593676418.287817, 1593676447.921822, 1593676473.296371, 1593676516.971344, 1593676526.04984, 1593676535.148743, 1593676585.019526, 1593676655.221558, 1593676709.120736, 1593676779.349119, 1593676790.482104, 1593676820.020558, 1593676861.733751, 1593676891.222088, 1593676937.0679, 1593676988.868785, 1593677030.594201, 1593677092.668848, 1593677122.130764, 1593677151.652223, 1593677185.212118, 1593677210.631639, 1593677236.073334, 1593677247.232249, 1593677256.345347, 1593677281.737919, 1593677294.87013, 1593677324.334463, 1593677349.747521, 1593677362.947183, 1593677388.434146, 1593677417.895293, 1593677443.309634, 1593677468.740621, 1593677479.867153, 1593677505.269331, 1593677530.700539, 1593677556.204532, 1593677585.807988, 1593677594.916621, 1593677620.334709, 1593677645.894119, 1593677671.330457, 1593677696.706447, 1593677722.152327, 1593677747.569357, 1593677772.974002, 1593677802.551318, 1593677836.173824, 1593677861.542352, 1593677903.230929, 1593677932.846657, 1593677946.007206, 1593677971.450503, 1593677996.920086, 1593678022.333596, 1593678047.766683, 1593678077.272909, 1593678102.615993, 1593678128.02634, 1593678153.504476, 1593678178.93425, 1593678208.404992, 1593678233.81677, 1593678247.049119, 1593678272.484559, 1593678297.8929, 1593678313.138844, 1593678342.677202, 1593678368.1931, 1593678393.550329, 1593678419.0759, 1593678432.301085, 1593678461.82217, 1593678487.335343, 1593678512.770078, 1593678538.209405, 1593678563.686216, 1593678589.119113, 1593678614.538226], "initial_reset_timestamp": 1593675756.271659, "episode_types": ["t", "t", "t", "t", "t", "t", "t", "t", "t", "t", "t", "t", "t", "t", "t", "t", "t", "t", "t", "t", "t", "t", "t", "t", "t", "t", "t", "t", "t", "t", "t", "t", "t", "t", "t", "t", "t", "t", "t", "t", "t", "t", "t", "t", "t", "t", "t", "t", "t", "t", "t", "t", "t", "t", "t", "t", "t", "t", "t", "t", "t", "t", "t", "t", "t", "t", "t", "t", "t", "t", "t", "t", "t", "t", "t", "t", "t", "t", "t", "t", "t", "t", "t", "t", "t", "t", "t", "t", "t", "t", "t", "t", "t", "t", "t", "t", "t", "t", "t", "t"], "episode_lengths": [10, 1, 25, 1, 14, 2, 9, 15, 8, 21, 25, 16, 6, 7, 23, 5, 9, 10, 26, 8, 11, 11, 9, 18, 1, 1, 21, 31, 23, 31, 2, 11, 17, 11, 19, 22, 17, 27, 11, 11, 13, 9, 9, 2, 1, 9, 3, 11, 9, 3, 9, 11, 9, 9, 2, 9, 9, 9, 11, 1, 9, 9, 9, 9, 9, 9, 9, 11, 13, 9, 17, 11, 3, 9, 9, 9, 9, 11, 9, 9, 9, 9, 11, 9, 3, 9, 9, 4, 11, 9, 9, 9, 3, 11, 9, 9, 9, 9, 9, 9], "episode_rewards": [-19.0, -10.0, 76.0, -10.0, -23.0, -11.0, -18.0, -24.0, -17.0, -30.0, -34.0, -25.0, -15.0, -16.0, -32.0, -14.0, 92.0, -19.0, -35.0, -17.0, -20.0, -20.0, 92.0, -27.0, -10.0, -10.0, -30.0, 70.0, 78.0, -40.0, -11.0, 90.0, 84.0, 90.0, 82.0, -31.0, 84.0, 74.0, 90.0, 90.0, 88.0, 92.0, 92.0, -11.0, -10.0, 92.0, -12.0, 90.0, 92.0, -12.0, 92.0, 90.0, 92.0, 92.0, -11.0, 92.0, 92.0, 92.0, 90.0, -10.0, 92.0, 92.0, 92.0, 92.0, 92.0, 92.0, 92.0, 90.0, 88.0, -18.0, 84.0, 90.0, -12.0, 92.0, 92.0, 92.0, 92.0, 90.0, 92.0, 92.0, 92.0, 92.0, 90.0, 92.0, -12.0, 92.0, 92.0, -13.0, 90.0, 92.0, 92.0, 92.0, -12.0, 90.0, 92.0, 92.0, 92.0, 92.0, 92.0, 92.0]}