{"timestamps": [1595153096.212314, 1595153128.381525, 1595153141.005699, 1595153153.312673, 1595153166.065853], "initial_reset_timestamp": 1595153083.980366, "episode_types": ["t", "t", "t", "t", "t"], "episode_lengths": [1, 4, 1, 1, 1], "episode_rewards": [-10.0, -13.0, -10.0, -10.0, -10.0]}