{"timestamps": [1594566010.791152, 1594566023.422628, 1594566042.099176, 1594566061.696013, 1594566199.8027], "initial_reset_timestamp": 1594565973.674809, "episode_types": ["t", "t", "t", "t", "t"], "episode_lengths": [5, 1, 2, 2, 21], "episode_rewards": [-14.0, -10.0, -11.0, -11.0, 80.0]}