{"timestamps": [1593666339.341572, 1593666348.485805, 1593666359.573708, 1593666368.65134, 1593666381.819665, 1593666419.460654, 1593666432.598149, 1593666451.875825, 1593666485.33514, 1593666522.942935, 1593666550.444276, 1593666563.604093, 1593666572.711768, 1593666581.777612, 1593666743.568922, 1593666785.243233, 1593666814.700946, 1593666838.01698, 1593666867.431321, 1593666880.602442, 1593666926.316274, 1593666945.544196, 1593667011.618861, 1593667043.072776, 1593667052.135197, 1593667116.265476, 1593667125.367006, 1593667160.946717, 1593667223.00202, 1593667246.385617, 1593667279.891049, 1593667382.704397, 1593667412.283965, 1593667437.660024, 1593667573.107936, 1593667643.422724, 1593667658.627332, 1593667716.665925, 1593667758.294291, 1593667775.49994, 1593667821.121521, 1593667883.100377, 1593667953.301199, 1593667968.509077, 1593668014.359645, 1593668039.726591, 1593668048.828887, 1593668086.559204, 1593668111.995194, 1593668145.636605, 1593668156.803711, 1593668194.427558, 1593668224.033026, 1593668249.408776, 1593668307.46606, 1593668337.067985, 1593668366.514648, 1593668392.011982, 1593668421.491981, 1593668446.884896, 1593668472.396548, 1593668497.90476, 1593668527.401414, 1593668556.867046, 1593668582.306846, 1593668607.666835, 1593668637.16258, 1593668662.529218, 1593668700.274599, 1593668729.727682, 1593668759.238074, 1593668784.749735, 1593668810.217949, 1593668835.635753, 1593668861.03061, 1593668886.444838, 1593668916.004297, 1593668941.525132, 1593668967.076044, 1593668992.523722, 1593669017.968327, 1593669051.668597, 1593669062.778429, 1593669088.189004, 1593669113.623459, 1593669139.03066, 1593669150.187299, 1593669179.716624, 1593669205.11329, 1593669230.472468, 1593669255.894665, 1593669285.538959, 1593669310.971727, 1593669336.386952, 1593669369.924487, 1593669378.991123, 1593669404.436343, 1593669433.927875, 1593669459.369186, 1593669468.473398], "initial_reset_timestamp": 1593666316.02385, "episode_types": ["t", "t", "t", "t", "t", "t", "t", "t", "t", "t", "t", "t", "t", "t", "t", "t", "t", "t", "t", "t", "t", "t", "t", "t", "t", "t", "t", "t", "t", "t", "t", "t", "t", "t", "t", "t", "t", "t", "t", "t", "t", "t", "t", "t", "t", "t", "t", "t", "t", "t", "t", "t", "t", "t", "t", "t", "t", "t", "t", "t", "t", "t", "t", "t", "t", "t", "t", "t", "t", "t", "t", "t", "t", "t", "t", "t", "t", "t", "t", "t", "t", "t", "t", "t", "t", "t", "t", "t", "t", "t", "t", "t", "t", "t", "t", "t", "t", "t", "t", "t"], "episode_lengths": [8, 1, 2, 1, 3, 15, 3, 6, 13, 15, 10, 3, 1, 1, 76, 17, 11, 8, 11, 3, 19, 6, 29, 12, 1, 28, 1, 14, 27, 8, 13, 47, 11, 9, 63, 31, 4, 25, 17, 5, 19, 27, 31, 4, 19, 9, 1, 15, 9, 13, 2, 15, 11, 9, 25, 11, 11, 9, 11, 9, 9, 9, 11, 11, 9, 9, 11, 9, 15, 11, 11, 9, 9, 9, 9, 9, 11, 9, 9, 9, 9, 13, 2, 9, 9, 9, 2, 11, 9, 9, 9, 11, 9, 9, 13, 1, 9, 11, 9, 1], "episode_rewards": [-17.0, -10.0, -11.0, -10.0, -12.0, -24.0, -12.0, -15.0, -22.0, -24.0, -19.0, -12.0, -10.0, -10.0, -85.0, -26.0, -20.0, -17.0, -20.0, -12.0, -28.0, -15.0, -38.0, -21.0, -10.0, -37.0, -10.0, -23.0, -36.0, -17.0, 88.0, 54.0, 90.0, 92.0, 38.0, 70.0, -13.0, 76.0, -26.0, -14.0, 82.0, 74.0, 70.0, -13.0, 82.0, 92.0, -10.0, 86.0, -18.0, 88.0, -11.0, 86.0, 90.0, 92.0, 76.0, 90.0, 90.0, 92.0, 90.0, 92.0, 92.0, 92.0, 90.0, 90.0, 92.0, 92.0, 90.0, 92.0, 86.0, 90.0, 90.0, 92.0, 92.0, 92.0, 92.0, 92.0, 90.0, 92.0, 92.0, 92.0, 92.0, 88.0, -11.0, 92.0, 92.0, 92.0, -11.0, 90.0, 92.0, 92.0, 92.0, -20.0, 92.0, 92.0, 88.0, -10.0, 92.0, 90.0, 92.0, -10.0]}