{"timestamps": [1593680149.849957, 1593680175.283128], "initial_reset_timestamp": 1593680124.462332, "episode_types": ["t", "t"], "episode_lengths": [9, 9], "episode_rewards": [92.0, 92.0]}