{"timestamps": [1593672280.800577, 1593672310.322264, 1593672321.477182, 1593672330.547504, 1593672374.2183, 1593672385.34564, 1593672398.521301, 1593672434.086902, 1593672475.738715, 1593672488.860831, 1593672573.459262, 1593672627.462894, 1593672685.582672, 1593672741.413673, 1593672770.851199, 1593672794.15185, 1593672856.192033, 1593672881.697459, 1593672894.879159, 1593672954.912293, 1593672994.631091, 1593673024.056124, 1593673082.088754, 1593673121.786974, 1593673151.287596, 1593673180.753564, 1593673226.451428, 1593673243.659481, 1593673252.763552, 1593673290.35572, 1593673344.513843, 1593673390.290427, 1593673423.87588, 1593673449.294731, 1593673460.440067, 1593673487.937705, 1593673537.825766, 1593673563.266669, 1593673596.857947, 1593673646.843789, 1593673692.690596, 1593673734.442803, 1593673759.820969, 1593673785.269366, 1593673810.664259, 1593673848.220259, 1593673863.436165, 1593673892.999014, 1593673918.381645, 1593673943.759713, 1593673969.164122, 1593673994.571543, 1593674005.70448, 1593674039.210324, 1593674064.618504, 1593674094.065778, 1593674119.464703, 1593674148.879389, 1593674174.2344, 1593674203.663683, 1593674229.153124, 1593674254.552085, 1593674284.111673, 1593674293.251782, 1593674318.633669, 1593674348.209501, 1593674373.711295, 1593674399.200436, 1593674440.971715, 1593674466.472085, 1593674491.859103, 1593674517.295402, 1593674542.741624, 1593674568.161591, 1593674593.551876, 1593674618.977222, 1593674628.045737, 1593674653.337329, 1593674678.70491, 1593674704.102988, 1593674729.414025, 1593674758.877542, 1593674788.284622, 1593674821.791798, 1593674851.281423, 1593674876.74592, 1593674902.230242, 1593674931.650024, 1593674957.171466, 1593674982.522202, 1593674991.596936, 1593675021.28525, 1593675050.806339, 1593675080.294955, 1593675105.678718, 1593675139.332848, 1593675164.640398, 1593675189.97405, 1593675215.381147, 1593675244.992704], "initial_reset_timestamp": 1593672271.689213, "episode_types": ["t", "t", "t", "t", "t", "t", "t", "t", "t", "t", "t", "t", "t", "t", "t", "t", "t", "t", "t", "t", "t", "t", "t", "t", "t", "t", "t", "t", "t", "t", "t", "t", "t", "t", "t", "t", "t", "t", "t", "t", "t", "t", "t", "t", "t", "t", "t", "t", "t", "t", "t", "t", "t", "t", "t", "t", "t", "t", "t", "t", "t", "t", "t", "t", "t", "t", "t", "t", "t", "t", "t", "t", "t", "t", "t", "t", "t", "t", "t", "t", "t", "t", "t", "t", "t", "t", "t", "t", "t", "t", "t", "t", "t", "t", "t", "t", "t", "t", "t", "t"], "episode_lengths": [1, 11, 2, 1, 18, 2, 3, 14, 17, 3, 38, 23, 25, 24, 11, 8, 27, 9, 3, 26, 16, 11, 25, 16, 11, 11, 19, 5, 1, 15, 23, 19, 13, 9, 2, 10, 21, 9, 13, 21, 19, 17, 9, 9, 9, 15, 4, 11, 9, 9, 9, 9, 2, 13, 9, 11, 9, 11, 9, 11, 9, 9, 11, 1, 9, 11, 9, 9, 17, 9, 9, 9, 9, 9, 9, 9, 1, 9, 9, 9, 9, 11, 11, 13, 11, 9, 9, 11, 9, 9, 1, 11, 11, 11, 9, 13, 9, 9, 9, 11], "episode_rewards": [-10.0, -20.0, -11.0, -10.0, -27.0, -11.0, -12.0, -23.0, -26.0, -12.0, -47.0, -32.0, -34.0, -33.0, -20.0, -17.0, -36.0, -18.0, -12.0, -35.0, -25.0, -20.0, -34.0, -25.0, -20.0, 90.0, -28.0, -14.0, -10.0, 86.0, 78.0, 82.0, 88.0, 92.0, -11.0, -19.0, 80.0, -18.0, 88.0, 80.0, 82.0, 84.0, 92.0, 92.0, 92.0, 86.0, -13.0, 90.0, 92.0, 92.0, 92.0, 92.0, -11.0, 88.0, 92.0, 90.0, 92.0, 90.0, 92.0, 90.0, 92.0, 92.0, 90.0, -10.0, 92.0, 90.0, 92.0, 92.0, 84.0, 92.0, 92.0, 92.0, 92.0, 92.0, 92.0, 92.0, -10.0, 92.0, 92.0, 92.0, 92.0, 90.0, 90.0, 88.0, 90.0, 92.0, 92.0, 90.0, 92.0, 92.0, -10.0, 90.0, 90.0, 90.0, 92.0, 88.0, 92.0, 92.0, 92.0, 90.0]}